Party_ID,Year,Party,Governor,Lieutenant_Governor,Comptroller,Attorney_General,US_Senate
1,1998.0,Democratic,Peter Vallone,Sandra Frankel,Carl McCall,Eliot Spitzer,Charles Schumer
2,1998.0,Liberal,Betsy McCaughey Ross,Jonathan Reiter,Carl McCall,Eliot Spitzer,Charles Schumer
3,2002.0,Democratic,Carl McCall,Dennis Mehiel,Alan Hevesi,Eliot Spitzer,(no election)
4,2002.0,Independence,Tom Golisano,Mary Donohue,John Faso,Eliot Spitzer,(no election)
5,2006.0,Democratic,Eliot Spitzer,David Paterson,Alan Hevesi,Andrew Cuomo,Hillary Rodham Clinton
6,2006.0,Independence,Eliot Spitzer,David Paterson,Alan Hevesi,Jeanine Pirro,Hillary Rodham Clinton
7,2006.0,Working Families,Eliot Spitzer,David Paterson,Alan Hevesi,Andrew Cuomo,Hillary Rodham Clinton
