guest_id,gender_code,guest_first_name,guest_last_name,date_of_birth
1,Male,Kip,DuBuque,1995-11-04 07:09:57
2,Unknown,Rebeca,Runolfsdottir,1974-05-12 21:53:58
3,Female,Keon,Treutel,1974-08-20 09:28:05
4,Female,Gabe,Bode,2007-09-11 19:01:39
5,Female,Lou,Grady,1997-01-15 17:37:40
6,Unknown,Josefina,Jerde,1978-03-08 04:43:04
7,Female,Mozell,Toy,1997-01-20 17:11:31
8,Unknown,Keith,Hoeger,2001-06-18 20:05:55
9,Female,Crystal,Runolfsson,1971-01-04 04:22:58
10,Female,Nikki,Lehner,1980-06-20 18:15:39
11,Male,Gregoria,Schowalter,2015-02-03 23:34:13
12,Male,Louvenia,Crona,1983-08-26 15:45:08
13,Female,Else,Roberts,1971-11-02 01:51:56
14,Female,Juvenal,Kautzer,2003-07-29 22:08:15
15,Female,Tamia,Mante,2013-02-22 11:26:22
