Code,Room,CheckIn,CheckOut,Rate,LastName,FirstName,Adults,Kids
10105,HBB,23-OCT-10,25-OCT-10,100.0,SELBIG,CONRAD,1,0
10183,IBD,19-SEP-10,20-SEP-10,150.0,GABLER,DOLLIE,2,0
10449,RND,30-SEP-10,01-OCT-10,150.0,KLESS,NELSON,1,0
10489,AOB,02-FEB-10,05-FEB-10,218.75,CARISTO,MARKITA,2,1
10500,HBB,11-AUG-10,12-AUG-10,90.0,YESSIOS,ANNIS,1,0
10574,FNA,26-NOV-10,03-DEC-10,287.5,SWEAZY,ROY,2,1
10984,AOB,28-DEC-10,01-JAN-11,201.25,ZULLO,WILLY,2,1
10990,CAS,21-SEP-10,27-SEP-10,175.0,TRACHSEL,DAMIEN,1,3
11631,FNA,10-APR-10,12-APR-10,312.5,ESPINO,MARCELINA,2,1
11645,IBD,13-MAY-10,19-MAY-10,135.0,SWAIT,DAN,2,1
11703,IBD,10-SEP-10,11-SEP-10,172.5,HAVIS,SHERILYN,2,0
11718,CAS,18-MAR-10,19-MAR-10,157.5,GLIWSKI,DAN,2,1
11857,IBD,27-OCT-10,29-OCT-10,187.5,HARDINA,LORITA,4,0
11996,IBS,14-SEP-10,16-SEP-10,187.5,BURBANK,ROBERT,1,0
12085,IBD,04-SEP-10,08-SEP-10,135.0,GLASGLOW,EMMANUEL,2,0
12138,IBS,28-FEB-10,05-MAR-10,150.0,SHARIAT,JARRED,1,0
12142,RTE,13-AUG-10,23-AUG-10,175.0,JUNOR,LENNY,3,1
12258,AOB,23-APR-10,27-APR-10,175.0,KANNEL,RODGER,1,0
12631,CAS,24-APR-10,26-APR-10,175.0,ONEEL,PASQUALE,1,0
12686,HBB,22-JUL-10,25-JUL-10,85.0,GROWNEY,MELVIN,2,0
13058,AOB,17-AUG-10,18-AUG-10,157.5,ABATIELL,CATHRYN,1,2
13136,IBD,16-APR-10,17-APR-10,187.5,FEYLER,EMILIA,1,0
13192,CAS,08-MAY-10,15-MAY-10,175.0,MCCORVEY,JESUS,1,0
13205,FNA,14-MAR-10,18-MAR-10,250.0,VANDOREN,MAJOR,1,0
13972,TAA,22-FEB-10,25-FEB-10,67.5,DAYA,COREY,2,0
14001,IBS,11-MAY-10,12-MAY-10,187.5,COSTON,LANNY,1,0
14149,IBD,20-SEP-10,22-SEP-10,150.0,HOULIHAN,LEVI,2,1
14226,IBD,11-JAN-10,12-JAN-10,150.0,SCHOENHUT,VERNICE,2,1
14273,MWC,28-MAY-10,30-MAY-10,125.0,STARE,ELIJAH,1,0
14447,RTE,14-MAR-10,18-MAR-10,201.25,MAASCH,CHARISSA,2,0
14644,CAS,23-APR-10,24-APR-10,148.75,VOLANTE,EMERY,4,0
14678,IBD,28-JAN-10,30-JAN-10,150.0,SATERFIELD,FRANCISCO,3,1
14834,FNA,07-FEB-10,13-FEB-10,225.0,WITTROCK,DEBBIE,1,2
14845,RND,27-SEP-10,30-SEP-10,150.0,ROTCH,FLORIDA,1,1
14896,RTE,04-JUL-10,06-JUL-10,148.75,KUDRON,CATHERIN,1,1
14940,AOB,01-JUN-10,12-JUN-10,175.0,BISHOFF,ISREAL,2,0
15059,CAS,31-AUG-10,07-SEP-10,157.5,LERCH,NICKY,3,1
15192,RTE,22-SEP-10,23-SEP-10,175.0,JEFFRYES,DANILO,1,0
15428,RTE,25-SEP-10,27-SEP-10,175.0,BROOKSHEAR,NAPOLEON,2,0
15534,RND,28-AUG-10,01-SEP-10,150.0,GAUD,REINALDO,1,0
15733,IBS,11-FEB-10,13-FEB-10,172.5,BEALLE,RASHAD,1,0
15870,AOB,15-FEB-10,19-FEB-10,175.0,CORIATY,BERTA,1,3
16061,FNA,11-SEP-10,14-SEP-10,312.5,ENDLER,ODIS,2,1
16136,MWC,09-JUL-10,12-JUL-10,143.75,FERENCE,MORGAN,1,0
16234,CAS,15-NOV-10,16-NOV-10,157.5,GRABILL,JULEE,2,0
16693,TAA,17-OCT-10,18-OCT-10,67.5,ASHCROFT,RONALD,1,0
16748,RND,21-FEB-10,23-FEB-10,135.0,KLIMKO,DONTE,1,0
16933,IBS,01-APR-10,03-APR-10,150.0,NORSWORTHY,AUBREY,2,0
17222,IBD,28-JUL-10,07-AUG-10,150.0,BOHMAN,LAYNE,1,3
17265,AOB,01-JAN-10,06-JAN-10,175.0,HENLY,RUPERT,4,0
17270,AOB,20-AUG-10,23-AUG-10,175.0,RELLIHAN,COURTNEY,1,0
17338,FNA,04-JUL-10,05-JUL-10,287.5,RUBY,QUENTIN,2,2
17344,AOB,25-MAY-10,26-MAY-10,218.75,GALOW,RICKEY,1,1
17405,IBD,02-OCT-10,03-OCT-10,127.5,KESTER,KIZZY,3,1
17480,RTE,22-DEC-10,28-DEC-10,157.5,DEBARDELABEN,NELL,3,0
17672,HBB,21-DEC-10,22-DEC-10,90.0,DECHELLIS,AARON,1,0
17955,AOB,05-MAY-10,09-MAY-10,201.25,PANARELLO,TODD,2,0
18019,HBB,03-MAY-10,05-MAY-10,115.0,ARNDELL,JEFFEREY,1,1
18311,MWC,27-JUL-10,31-JUL-10,125.0,LUEDKE,BRYNN,1,1
18398,RTE,23-AUG-10,24-AUG-10,175.0,PARAGAS,ALVIN,1,1
18465,AOB,30-JUN-10,07-JUL-10,175.0,KRIEGH,AMADO,2,0
18822,RND,12-JUN-10,14-JUN-10,150.0,NORN,GARLAND,2,0
18834,AOB,08-DEC-10,10-DEC-10,148.75,DUCHARME,MIGUELINA,2,0
18900,IBS,03-APR-10,05-APR-10,172.5,LAURY,EMILY,2,0
19017,TAA,18-AUG-10,30-AUG-10,86.25,EERKES,CODY,2,0
19194,HBB,29-OCT-10,05-NOV-10,125.0,WORKINGER,CLIFTON,1,0
19394,IBD,23-MAY-10,25-MAY-10,150.0,HARPE,GERMAN,1,2
19494,FNA,12-JUN-10,19-JUN-10,287.5,VORWERK,DORINE,1,0
19701,RTE,14-NOV-10,15-NOV-10,201.25,HOTELLING,REGENIA,1,0
19812,CAS,14-AUG-10,15-AUG-10,157.5,MCCARTER,IVAN,3,1
20107,IBD,14-APR-10,16-APR-10,135.0,ARBUCKLE,LORENA,2,1
20269,IBD,12-AUG-10,19-AUG-10,135.0,BILLICK,NIEVES,1,0
20463,TAA,19-OCT-10,22-OCT-10,75.0,VANBLARICUM,CRISTIE,1,1
20572,HBB,28-SEP-10,29-SEP-10,115.0,SANDLER,JENISE,2,0
20991,CAS,19-MAR-10,01-APR-10,201.25,PLYMEL,STEPHEN,1,0
21050,CAS,11-JUL-10,17-JUL-10,175.0,CHATTERJEE,ALFRED,3,0
21202,HBB,21-OCT-10,23-OCT-10,125.0,CASAGRANDA,BRAIN,2,0
21216,CAS,03-OCT-10,04-OCT-10,201.25,VANNAMAN,ERICH,1,0
21490,RTE,23-NOV-10,24-NOV-10,175.0,PAVLOCK,MARCELO,2,2
21553,RND,01-MAY-10,05-MAY-10,172.5,MECHLING,KERRI,1,0
21625,IBD,03-OCT-10,14-OCT-10,187.5,BOSE,FRANCISCO,1,2
21848,MWC,17-OCT-10,18-OCT-10,112.5,CLOFFI,CHAROLETTE,1,0
21863,CAS,07-SEP-10,08-SEP-10,175.0,ARGOTE,ODELIA,1,0
21980,HBB,05-FEB-10,08-FEB-10,115.0,SIDDELL,MACY,1,1
22169,FNA,06-APR-10,07-APR-10,287.5,SCHUL,HOYT,1,0
22561,IBS,15-NOV-10,21-NOV-10,127.5,VUTURO,DEVORAH,1,0
22615,FNA,09-AUG-10,10-AUG-10,212.5,QUISPE,MARGARITO,1,1
22954,RTE,27-JUN-10,04-JUL-10,157.5,ALLAIRE,RAMONA,1,1
22981,IBS,21-JUL-10,23-JUL-10,172.5,KNERIEN,GRANT,1,0
23302,FNA,21-AUG-10,22-AUG-10,287.5,CONSTABLE,RASHAD,1,2
23740,RTE,07-MAR-10,12-MAR-10,218.75,NOWLEY,ROMEO,2,0
23850,RND,11-APR-10,17-APR-10,150.0,PENNELLA,LAKIA,2,0
24300,AOB,09-AUG-10,15-AUG-10,201.25,CANDON,PIERRE,4,0
24326,IBD,19-AUG-10,21-AUG-10,135.0,CULMER,LLOYD,1,3
24408,HBB,18-JAN-10,19-JAN-10,100.0,RADIN,RUSTY,1,0
24412,RTE,23-JAN-10,30-JAN-10,175.0,PENEZ,AMIEE,2,0
24420,TAA,03-MAR-10,12-MAR-10,75.0,SCHLESSER,FLOYD,1,1
24667,RND,08-DEC-10,09-DEC-10,187.5,BAUGUESS,ERYN,1,0
24980,CAS,07-JAN-10,08-JAN-10,201.25,GRONDAHL,ELVINA,1,0
24986,IBD,30-AUG-10,01-SEP-10,150.0,HEATH,PASQUALE,4,0
25010,RTE,22-APR-10,01-MAY-10,201.25,WESTRUM,TIMMY,2,2
25134,MWC,31-MAY-10,02-JUN-10,143.75,HARDYMAN,CLAYTON,1,1
25262,HBB,09-AUG-10,11-AUG-10,115.0,YAPLE,CLAUDIE,1,0
25374,RTE,15-FEB-10,17-FEB-10,157.5,JASPERS,LIBBIE,1,0
25389,FNA,19-SEP-10,21-SEP-10,212.5,INTERRANTE,EMMITT,3,1
25558,HBB,17-MAR-10,19-MAR-10,125.0,SHOULDER,FLORENTINO,1,1
25616,HBB,05-OCT-10,06-OCT-10,100.0,KOSANOVIC,EWA,1,0
25966,FNA,15-JAN-10,17-JAN-10,212.5,DUMAN,LUKE,3,1
26135,IBS,09-AUG-10,14-AUG-10,150.0,STORDAHL,NATOSHA,1,0
26345,FNA,10-NOV-10,12-NOV-10,250.0,QUEROS,MAHALIA,1,1
26380,CAS,30-AUG-10,31-AUG-10,201.25,KABZINSKI,MILLIE,1,0
26423,TAA,15-APR-10,18-APR-10,86.25,DEININGER,RICKIE,1,1
26487,TAA,15-JUN-10,19-JUN-10,63.75,JUHL,MILLARD,1,0
26561,FNA,29-APR-10,03-MAY-10,250.0,DYDA,DORIAN,2,2
26701,RND,28-DEC-10,30-DEC-10,150.0,DEJAEGER,WELDON,2,0
26798,IBD,30-NOV-10,06-DEC-10,135.0,BONJORNO,IGNACIO,1,1
27125,TAA,13-JUN-10,15-JUN-10,75.0,BOESER,DIVINA,1,0
27490,IBS,06-DEC-10,08-DEC-10,150.0,PENDLEY,SCOTTIE,1,1
27983,IBD,22-JUL-10,24-JUL-10,135.0,SWARTWOOD,JENI,3,1
28106,FNA,11-DEC-10,17-DEC-10,312.5,VANDERSCHAEGE,MITZIE,2,0
28198,FNA,08-OCT-10,18-OCT-10,225.0,SAPORITO,ANDREAS,1,0
28227,IBS,30-MAY-10,04-JUN-10,172.5,STUART,IVA,2,0
28353,RTE,06-OCT-10,08-OCT-10,148.75,PINNELL,ANITA,1,2
28406,AOB,23-JAN-10,29-JAN-10,175.0,COOKUS,KASHA,2,1
28447,CAS,26-AUG-10,27-AUG-10,175.0,GEOHAGAN,ISSAC,2,2
28455,AOB,29-MAY-10,31-MAY-10,175.0,RISHA,NORBERTO,1,1
28465,RND,05-MAY-10,06-MAY-10,150.0,SALLE,SANTANA,1,0
28494,RND,01-OCT-10,13-OCT-10,135.0,DERKAS,GUS,1,0
28499,FNA,04-FEB-10,05-FEB-10,212.5,DOMINGUEZ,STACEY,1,1
28589,HBB,25-AUG-10,26-AUG-10,115.0,RIMAR,KEELY,2,0
28691,FNA,24-APR-10,26-APR-10,225.0,SLUKA,AIKO,1,1
28771,FNA,26-FEB-10,09-MAR-10,250.0,MORRISSETTE,FAVIOLA,3,1
28948,FNA,24-DEC-10,26-DEC-10,287.5,RUPE,QUIANA,2,0
29003,CAS,05-JUL-10,07-JUL-10,175.0,MASSER,TROY,1,1
29253,AOB,31-JUL-10,03-AUG-10,175.0,HILDRED,MARTY,3,1
29287,AOB,01-DEC-10,08-DEC-10,218.75,FRYDAY,HERBERT,2,0
29496,TAA,07-MAY-10,14-MAY-10,75.0,HONIGSBERG,PEARLENE,1,0
29568,FNA,03-DEC-10,08-DEC-10,225.0,BOETTNER,REIKO,3,0
29937,IBD,08-SEP-10,10-SEP-10,150.0,OBERHAUSEN,JODY,2,1
30020,RND,21-DEC-10,28-DEC-10,135.0,PORTO,MARIANO,1,1
30043,RND,17-MAR-10,18-MAR-10,150.0,HELFRITZ,RHEA,2,0
30186,RTE,06-JUL-10,07-JUL-10,175.0,MAKI,ADAN,1,0
30300,RND,19-JUL-10,20-JUL-10,135.0,PRIAL,MYLES,1,0
30363,IBD,30-JAN-10,09-FEB-10,172.5,JAHALY,DELORSE,3,0
30479,MWC,01-MAY-10,10-MAY-10,143.75,QUISPE,MARGARITO,1,1
30671,FNA,29-AUG-10,01-SEP-10,225.0,KON,DEWAYNE,1,1
30723,HBB,16-APR-10,23-APR-10,125.0,MASSER,TROY,2,0
30937,AOB,14-FEB-10,15-FEB-10,175.0,FITZGERREL,DENNY,1,3
31371,MWC,05-FEB-10,06-FEB-10,125.0,TARZIA,KAYLEE,2,0
31508,MWC,10-FEB-10,14-FEB-10,112.5,FULK,GENE,4,0
31636,TAA,09-APR-10,11-APR-10,75.0,FAGERSTROM,ALLAN,1,0
31695,CAS,16-APR-10,18-APR-10,148.75,KEPKE,HAROLD,2,0
31993,AOB,08-FEB-10,10-FEB-10,201.25,ZIEBARTH,ADELAIDE,1,3
32015,CAS,03-DEC-10,05-DEC-10,201.25,EADER,JACKIE,2,0
32049,RND,22-NOV-10,04-DEC-10,135.0,PANOS,LESTER,1,1
32112,TAA,20-JUL-10,27-JUL-10,75.0,SAMPLES,CLAIR,1,0
32116,MWC,15-OCT-10,17-OCT-10,143.75,RUSSO,MELODY,1,1
32138,CAS,05-FEB-10,07-FEB-10,175.0,KOEHNE,YUONNE,3,1
32552,TAA,11-OCT-10,12-OCT-10,75.0,MIDTHUN,EMMANUEL,1,0
32565,CAS,21-AUG-10,26-AUG-10,157.5,KALAFATIS,KEITH,3,0
32739,CAS,20-NOV-10,24-NOV-10,148.75,SHAFE,TUAN,1,2
32781,CAS,09-SEP-10,15-SEP-10,175.0,DURAN,BO,2,2
32896,RTE,06-JAN-10,13-JAN-10,157.5,LUTFY,LIZETTE,1,2
32933,IBD,05-JUN-10,06-JUN-10,135.0,MURASSO,JAMIE,2,1
33013,TAA,16-DEC-10,18-DEC-10,67.5,STYCH,DIA,1,0
33155,MWC,14-DEC-10,16-DEC-10,143.75,FOLGER,ELOISA,1,0
33195,IBD,06-DEC-10,12-DEC-10,150.0,DEHLINGER,VANCE,3,1
33271,MWC,29-NOV-10,02-DEC-10,143.75,YONKERS,RHETT,2,2
33339,TAA,22-DEC-10,27-DEC-10,67.5,WISSINGER,JACQUES,1,0
33395,IBD,31-OCT-10,02-NOV-10,150.0,METER,ROSA,2,0
33427,IBD,17-APR-10,21-APR-10,135.0,BEALLE,RASHAD,1,0
33748,AOB,14-SEP-10,16-SEP-10,175.0,PIGNONE,JOEL,1,3
33806,AOB,27-MAY-10,28-MAY-10,175.0,OXFORD,KATRICE,1,2
34034,RND,14-JUN-10,20-JUN-10,172.5,GABBETT,ALLEN,1,0
34244,MWC,04-JUN-10,06-JUN-10,112.5,SPIKE,ROSENDA,4,0
34855,HBB,01-JUL-10,04-JUL-10,100.0,YURICK,SHARA,2,0
34999,RTE,15-JUN-10,19-JUN-10,175.0,DANIELLO,RUDOLF,1,1
35136,MWC,10-SEP-10,12-SEP-10,112.5,MALCHOW,RAMIRO,1,0
35180,MWC,07-APR-10,08-APR-10,125.0,POWNELL,BRIDGET,1,0
35546,TAA,19-SEP-10,24-SEP-10,67.5,YUK,TIM,1,0
35870,IBS,09-NOV-10,11-NOV-10,135.0,DONIGAN,GLEN,1,1
35922,FNA,01-SEP-10,02-SEP-10,287.5,SINGERMAN,YAN,1,0
35959,HBB,07-NOV-10,09-NOV-10,100.0,BRAND,TROY,1,0
36156,CAS,07-MAR-10,12-MAR-10,175.0,GUILFOIL,KOREY,2,0
36345,CAS,10-DEC-10,12-DEC-10,157.5,TURVAVILLE,TYLER,1,0
36356,MWC,29-MAR-10,04-APR-10,125.0,SPECTOR,FRITZ,2,1
36855,TAA,13-APR-10,14-APR-10,67.5,TRAMM,SANG,1,0
36890,AOB,26-DEC-10,28-DEC-10,175.0,PHILBERT,CHRISTIE,2,1
37060,IBD,21-OCT-10,23-OCT-10,150.0,PASSANTINO,DALLAS,1,3
37309,RTE,19-JUN-10,21-JUN-10,175.0,PERRINO,DENNY,3,1
37425,IBD,26-JUL-10,28-JUL-10,150.0,FIERECK,ALBERTA,4,0
37456,CAS,18-SEP-10,19-SEP-10,175.0,BOWEN,NIDA,2,0
37585,IBS,06-SEP-10,08-SEP-10,135.0,NOAH,DOROTHEA,2,0
37773,FNA,31-MAY-10,06-JUN-10,312.5,BOUGIE,MONTE,1,1
37845,IBD,29-AUG-10,30-AUG-10,127.5,PENEZ,AMIEE,1,0
37985,MWC,15-FEB-10,18-FEB-10,112.5,PEDERSON,DOTTIE,1,1
38013,AOB,08-JUL-10,15-JUL-10,175.0,RURY,SENA,1,1
38017,TAA,05-SEP-10,07-SEP-10,75.0,SHOULDER,FLORENTINO,2,0
38140,CAS,22-JAN-10,23-JAN-10,218.75,KUDRON,CATHERIN,3,0
38209,TAA,08-JAN-10,13-JAN-10,86.25,ECKERT,EDIE,1,0
38293,RTE,17-DEC-10,19-DEC-10,157.5,SCHOSSOW,BO,3,1
38368,RND,30-MAY-10,06-JUN-10,150.0,FOCKE,HONEY,1,1
38636,HBB,29-DEC-10,31-DEC-10,115.0,FORESTA,JORDON,1,0
38677,MWC,05-OCT-10,11-OCT-10,156.25,HORELICK,BYRON,2,0
39602,IBS,13-FEB-10,23-FEB-10,150.0,STUART,IVA,1,1
39640,MWC,01-FEB-10,05-FEB-10,143.75,HERZING,DELPHIA,2,1
39910,FNA,19-OCT-10,21-OCT-10,250.0,KAMINSKY,DANNY,1,0
40043,MWC,04-DEC-10,14-DEC-10,125.0,LANSBERRY,JESUSITA,3,1
40241,HBB,13-SEP-10,15-SEP-10,85.0,CORSARO,SHELLA,1,1
40675,IBS,13-DEC-10,14-DEC-10,150.0,HANUS,THEOLA,1,0
40678,MWC,22-MAR-10,29-MAR-10,112.5,KENNETT,QUEEN,3,0
41037,FNA,19-JUN-10,02-JUL-10,225.0,DUB,SUZANNE,1,0
41112,RND,06-JAN-10,11-JAN-10,135.0,HOOLEY,EUGENIO,1,0
41619,AOB,15-OCT-10,22-OCT-10,175.0,MASSEY,DORIAN,4,0
41754,IBS,24-FEB-10,25-FEB-10,172.5,ANA,ELLAN,1,0
41783,RND,19-DEC-10,20-DEC-10,187.5,LEDOUX,LENA,1,0
41880,HBB,07-AUG-10,09-AUG-10,100.0,PLAKE,KARMEN,1,0
42000,TAA,04-DEC-10,11-DEC-10,93.75,STRINGFELLOW,GEARLDINE,2,0
42424,CAS,01-AUG-10,14-AUG-10,157.5,SCARPINO,BERNITA,2,0
42688,RTE,04-SEP-10,08-SEP-10,148.75,BRIERTON,MAJOR,1,2
42731,IBS,11-NOV-10,15-NOV-10,172.5,HOTARD,ALYSIA,2,0
43157,HBB,31-DEC-10,06-JAN-11,100.0,STURN,NEVADA,2,0
43225,AOB,12-JUN-10,13-JUN-10,157.5,CAPRON,CASSAUNDRA,1,1
43303,IBD,27-JAN-10,28-JAN-10,150.0,MENINO,STEVEN,1,1
43584,IBD,02-NOV-10,04-NOV-10,135.0,BRUSKI,MONTY,1,2
43651,IBD,19-OCT-10,21-OCT-10,150.0,LAGERMAN,LEOLA,2,0
43654,IBD,27-FEB-10,28-FEB-10,172.5,BORROMEO,EBONY,2,1
43692,IBD,31-DEC-10,01-JAN-11,172.5,BEAMON,HYACINTH,1,0
43707,RTE,14-JUL-10,16-JUL-10,175.0,GUT,ALEJANDRA,1,1
43911,RND,12-MAR-10,13-MAR-10,127.5,NEIN,TEODORO,1,0
44040,HBB,15-OCT-10,16-OCT-10,90.0,ZELAYA,PRINCE,1,0
44310,IBD,15-NOV-10,21-NOV-10,135.0,DIEZ,NADIA,4,0
44358,RND,25-JAN-10,27-JAN-10,150.0,BOBROW,CLINTON,2,0
44378,MWC,12-JUL-10,13-JUL-10,125.0,COTMAN,JOLYNN,1,3
44426,IBS,22-JUN-10,23-JUN-10,150.0,CHEESE,TRINIDAD,1,0
44428,IBS,04-AUG-10,06-AUG-10,172.5,ZAVADOSKI,CLAIR,1,0
44771,TAA,29-MAR-10,30-MAR-10,67.5,NOBLIN,BELKIS,2,0
44836,AOB,31-OCT-10,03-NOV-10,148.75,DEFRANG,DWAIN,1,0
44933,RND,27-JUL-10,29-JUL-10,150.0,FURIA,ELWANDA,2,0
45022,RTE,20-SEP-10,21-SEP-10,175.0,PAILET,GIUSEPPE,3,1
45157,HBB,11-MAY-10,18-MAY-10,115.0,WICKLIN,WYNELL,2,0
45279,RTE,08-APR-10,12-APR-10,201.25,HALBERSTAM,SHERRILL,4,0
45483,RTE,17-FEB-10,18-FEB-10,157.5,JENQUIN,JAY,2,0
45745,RTE,29-NOV-10,30-NOV-10,175.0,MEGGS,CARY,1,0
46496,CAS,08-APR-10,12-APR-10,175.0,ALWINE,SHAWANDA,3,0
46577,RND,12-DEC-10,14-DEC-10,135.0,MAURER,TEODORO,1,0
46665,HBB,31-AUG-10,09-SEP-10,100.0,MABRA,MARGET,1,0
46797,CAS,15-MAY-10,16-MAY-10,175.0,VANBLARICUM,CRISTIE,3,1
46908,TAA,29-DEC-10,30-DEC-10,86.25,PULOS,ROBERTO,1,0
47004,AOB,15-JUL-10,28-JUL-10,175.0,STEBNER,MAXIE,1,1
47108,TAA,30-DEC-10,12-JAN-11,75.0,WILCUTT,BLAINE,1,0
47146,AOB,16-SEP-10,23-SEP-10,201.25,GATTSHALL,REGAN,1,0
47352,FNA,20-APR-10,24-APR-10,225.0,MARZETT,JOSEPH,1,1
47496,RND,01-JAN-10,06-JAN-10,150.0,KLEVER,ERASMO,1,0
47511,IBD,21-NOV-10,22-NOV-10,172.5,VELIE,NIKKI,1,2
48113,AOB,24-MAY-10,25-MAY-10,175.0,BABU,SARAI,2,0
48382,RND,13-MAR-10,14-MAR-10,150.0,SCHLADWEILER,ELEASE,1,0
48532,RND,20-NOV-10,22-NOV-10,135.0,VANDEBRINK,TRESSIE,1,0
48539,RND,21-MAR-10,28-MAR-10,135.0,CHINAULT,EDWARDO,2,0
48604,HBB,16-SEP-10,22-SEP-10,115.0,GARCES,CRISTIE,1,1
48665,HBB,26-SEP-10,28-SEP-10,90.0,STOUDYMIRE,COLUMBUS,1,1
48822,RND,08-JUN-10,12-JUN-10,187.5,HULETTE,DARIUS,1,0
48854,RTE,26-JUN-10,27-JUN-10,175.0,TROKEY,INGRID,2,0
49153,TAA,23-JUN-10,30-JUN-10,86.25,ZEPEDA,ELANA,1,0
49253,RND,03-FEB-10,06-FEB-10,150.0,NANI,GARRY,1,0
49467,HBB,09-JUL-10,16-JUL-10,115.0,SUSMILCH,RAYMUNDO,1,0
49482,IBS,21-NOV-10,02-DEC-10,172.5,ATTEBURG,ELMIRA,2,0
49606,RTE,04-MAR-10,05-MAR-10,201.25,YOKUM,GARRY,1,3
49609,RTE,12-SEP-10,17-SEP-10,175.0,ZEPEDA,ELANA,2,2
49802,RTE,30-JUL-10,04-AUG-10,157.5,CONRAD,ELODIA,1,1
49886,TAA,21-APR-10,27-APR-10,86.25,BRINAR,WOODROW,1,1
50207,AOB,20-APR-10,21-APR-10,175.0,ROSENDO,TAREN,1,0
50223,IBS,12-APR-10,14-APR-10,135.0,CALLICUTT,HONG,1,0
50458,RTE,18-APR-10,20-APR-10,175.0,VOLANTE,EMERY,1,2
50459,RTE,14-APR-10,15-APR-10,218.75,LORENZANO,SON,1,2
51097,IBS,18-DEC-10,20-DEC-10,135.0,TOODLE,NOLA,2,0
51685,FNA,03-FEB-10,04-FEB-10,250.0,EIMER,LYNELLE,2,0
52353,RTE,31-MAR-10,07-APR-10,201.25,WISWELL,JERROD,1,0
52470,RND,20-JUN-10,21-JUN-10,127.5,BAIRAM,BRADLY,1,1
52597,AOB,11-JAN-10,14-JAN-10,175.0,CASMORE,MARINE,3,0
52799,HBB,05-AUG-10,07-AUG-10,85.0,WANDREI,ISSAC,1,0
53186,RTE,09-JUL-10,14-JUL-10,157.5,MANARD,ARDELIA,1,0
53295,MWC,17-AUG-10,22-AUG-10,106.25,HANUS,THEOLA,2,1
53535,IBS,22-MAR-10,25-MAR-10,172.5,ALLENDE,VIRGIL,1,1
53668,FNA,22-AUG-10,24-AUG-10,287.5,FIGUROA,BEN,1,0
53723,IBS,11-SEP-10,12-SEP-10,135.0,KVETON,FREDRICK,2,0
53747,IBS,22-SEP-10,23-SEP-10,135.0,SPEARIN,TOMMY,1,1
53876,MWC,14-JAN-10,15-JAN-10,125.0,KEBEDE,ARON,3,0
54061,RTE,05-MAY-10,12-MAY-10,175.0,BARTHELL,RICARDA,1,0
54274,TAA,27-DEC-10,28-DEC-10,75.0,PEYATT,SHERON,1,0
54323,MWC,13-JUL-10,14-JUL-10,106.25,LUNNEY,YVETTE,3,0
54369,RND,04-DEC-10,06-DEC-10,172.5,MULE,DIONNA,1,0
54781,MWC,07-NOV-10,11-NOV-10,125.0,KUTA,HERMAN,1,2
54811,FNA,19-APR-10,20-APR-10,225.0,KLEVER,ERASMO,2,1
54831,AOB,15-JUN-10,21-JUN-10,201.25,BAUGUESS,ERYN,1,3
54966,MWC,23-FEB-10,24-FEB-10,125.0,MAZUREK,LEIGHANN,1,0
55344,RND,30-JAN-10,31-JAN-10,135.0,RENSCH,LIANA,1,0
55363,IBS,20-SEP-10,22-SEP-10,135.0,VERDINE,ANTONINA,1,0
55551,RND,04-NOV-10,08-NOV-10,127.5,COOKUS,KASHA,2,0
55641,IBS,23-APR-10,25-APR-10,150.0,ISHIBASHI,CAPRICE,1,1
55862,HBB,28-NOV-10,05-DEC-10,85.0,BIERWAGEN,MARK,1,1
55870,IBD,08-MAY-10,13-MAY-10,135.0,BELONGIE,BIBI,1,3
55985,TAA,25-FEB-10,26-FEB-10,86.25,BASSI,DUSTY,1,0
56286,AOB,29-JUL-10,31-JUL-10,201.25,BRICKEL,ROCKY,3,1
56344,TAA,02-MAR-10,03-MAR-10,86.25,INGUARDSEN,HARRISON,1,0
56373,FNA,18-DEC-10,20-DEC-10,225.0,BEGEN,ASHLYN,3,0
56475,TAA,07-FEB-10,08-FEB-10,93.75,KLIGER,TRICIA,1,0
56509,IBD,08-MAR-10,10-MAR-10,150.0,VONDRA,HUMBERTO,3,0
56517,FNA,01-JAN-10,04-JAN-10,225.0,TUPPEN,HANS,1,1
56737,HBB,17-NOV-10,18-NOV-10,100.0,PETTINE,NUMBERS,2,0
56797,CAS,03-FEB-10,05-FEB-10,175.0,PFEUFFER,VALENTIN,3,0
57015,MWC,19-DEC-10,20-DEC-10,106.25,BUSTER,TOM,1,0
57275,IBD,28-MAR-10,02-APR-10,150.0,MABRA,MARGET,3,0
57298,CAS,30-JAN-10,03-FEB-10,148.75,KNOP,JEFFRY,1,0
57527,AOB,26-MAR-10,28-MAR-10,201.25,ABAJA,RHEA,2,0
57627,TAA,29-JAN-10,05-FEB-10,67.5,SWEAZY,ROY,1,1
57705,RND,12-NOV-10,15-NOV-10,172.5,ROTHMAN,GLENNIS,1,0
57909,RTE,02-OCT-10,06-OCT-10,201.25,OULETTE,ALDO,1,0
58148,IBS,11-OCT-10,13-OCT-10,172.5,VOLANTE,EMERY,1,0
58196,IBS,24-DEC-10,30-DEC-10,150.0,ZELINSKI,ARTHUR,1,0
58266,MWC,08-JAN-10,14-JAN-10,125.0,PICKARD,HORTENCIA,1,0
58668,HBB,14-DEC-10,19-DEC-10,125.0,COASTER,MERLE,1,1
58755,AOB,30-APR-10,01-MAY-10,175.0,MALNAR,GROVER,1,0
58762,IBS,05-APR-10,07-APR-10,127.5,REDEPENNING,FAITH,1,0
58779,FNA,19-JAN-10,21-JAN-10,250.0,ZENTNER,ROBBIE,1,1
58881,IBS,27-MAR-10,29-MAR-10,150.0,RONFELDT,JERMAINE,1,0
58934,AOB,15-DEC-10,22-DEC-10,201.25,RICHARD,ROBBY,1,1
58942,TAA,04-NOV-10,08-NOV-10,75.0,HULETTE,DARIUS,1,0
58972,AOB,17-MAY-10,19-MAY-10,157.5,BERS,BRENDA,2,1
59083,RND,03-SEP-10,10-SEP-10,172.5,HARTFORD,NATHANAEL,2,0
59166,FNA,20-AUG-10,21-AUG-10,250.0,TANI,DOMINICK,3,0
59225,AOB,26-JUN-10,30-JUN-10,201.25,DURAN,BO,1,0
59593,CAS,17-JUL-10,18-JUL-10,218.75,GRULKEY,JULIO,1,3
59610,IBS,23-SEP-10,30-SEP-10,150.0,EGELSTON,EMANUEL,2,0
59986,CAS,05-DEC-10,09-DEC-10,175.0,WEINAND,HARRIETT,1,0
60169,MWC,10-MAY-10,16-MAY-10,125.0,ROSATI,LORENA,1,3
60205,FNA,22-MAY-10,31-MAY-10,225.0,FRAINE,MANDA,1,1
60313,CAS,28-OCT-10,30-OCT-10,218.75,SLONE,LARITA,1,1
60454,FNA,06-OCT-10,08-OCT-10,225.0,GOLSTON,CONSUELA,2,2
60749,IBS,22-DEC-10,24-DEC-10,135.0,DONAHER,LAKIA,1,0
61861,TAA,30-MAY-10,12-JUN-10,86.25,EASTLING,AUNDREA,1,0
62024,RTE,06-FEB-10,12-FEB-10,157.5,LUTTRELL,MONTY,1,3
62078,IBD,12-JAN-10,25-JAN-10,172.5,BRODOWSKI,RODERICK,1,0
62147,RND,06-MAY-10,13-MAY-10,135.0,BURCHAM,JONATHON,1,1
62161,CAS,08-SEP-10,09-SEP-10,157.5,IKEDA,FREEMAN,1,0
62305,IBS,15-OCT-10,22-OCT-10,150.0,KAMROWSKI,EVITA,2,0
62313,TAA,10-FEB-10,12-FEB-10,86.25,WAEGNER,BROOKS,1,1
62333,IBS,06-FEB-10,07-FEB-10,150.0,ABATIELL,CATHRYN,2,0
62816,IBS,07-JUL-10,11-JUL-10,127.5,MAEWEATHER,AUGUST,1,0
62874,HBB,26-AUG-10,27-AUG-10,100.0,SKIBA,MITCHELL,1,1
63043,HBB,06-DEC-10,07-DEC-10,85.0,CIERPKE,DOT,1,1
63078,HBB,05-DEC-10,06-DEC-10,90.0,WHITTEN,MITZI,1,0
63153,FNA,20-FEB-10,22-FEB-10,312.5,TROKEY,INGRID,4,0
63293,RND,25-OCT-10,01-NOV-10,127.5,KUTA,HERMAN,1,1
63458,RND,31-JUL-10,01-AUG-10,172.5,LELEUX,PORTER,1,1
63523,HBB,15-APR-10,16-APR-10,115.0,RATTANA,WINFRED,1,0
63558,IBS,20-MAR-10,22-MAR-10,150.0,KEPKE,HAROLD,1,1
63600,IBD,21-AUG-10,28-AUG-10,150.0,WEARS,LIBBIE,3,0
63652,IBS,14-MAY-10,20-MAY-10,172.5,COVERT,ADAM,1,1
63746,IBS,25-MAR-10,27-MAR-10,187.5,SCARLES,LANDON,1,1
64456,MWC,07-JUN-10,09-JUN-10,125.0,MCCLENNINGHAM,BRADLY,1,2
64503,RND,06-AUG-10,11-AUG-10,172.5,MAURER,TEODORO,2,0
64657,HBB,01-MAR-10,06-MAR-10,115.0,VIPPERMAN,PABLO,2,0
64785,RTE,28-DEC-10,04-JAN-11,148.75,MAEWEATHER,AUGUST,3,0
64987,MWC,28-FEB-10,05-MAR-10,125.0,BRESSE,BURTON,1,0
65153,IBD,12-JUN-10,14-JUN-10,150.0,VEGHER,ANGELA,1,2
65186,FNA,13-JAN-10,15-JAN-10,250.0,GOSSERAND,CURTIS,2,1
65206,HBB,16-JUL-10,21-JUL-10,100.0,HIRONS,RANDAL,1,1
65283,FNA,08-APR-10,09-APR-10,287.5,ALLAIRE,RAMONA,2,0
65416,RND,11-SEP-10,13-SEP-10,127.5,STRICK,NICHOLLE,1,0
65417,AOB,13-APR-10,15-APR-10,175.0,ACHTER,GRETA,1,1
65909,MWC,31-JUL-10,01-AUG-10,112.5,BENDICKSON,NEWTON,2,0
66089,IBD,06-APR-10,07-APR-10,135.0,WINNEN,TYLER,2,1
66189,MWC,30-DEC-10,04-JAN-11,143.75,FROEHNER,LATRISHA,3,0
66331,IBS,02-DEC-10,06-DEC-10,135.0,SEVILLANO,LILLI,1,1
66494,CAS,14-MAR-10,18-MAR-10,157.5,KOLB,ENA,3,0
66548,IBD,23-OCT-10,26-OCT-10,150.0,FEASTER,KRISTOPHER,3,0
66899,FNA,18-JAN-10,19-JAN-10,225.0,TUNE,MARISSA,1,0
67066,IBD,07-JAN-10,11-JAN-10,135.0,EDHOLM,ALFRED,3,1
67200,AOB,16-JAN-10,23-JAN-10,148.75,CHET,CHARLEEN,1,2
67292,FNA,24-MAR-10,28-MAR-10,287.5,GUEDESSE,SOL,3,0
67343,RND,14-OCT-10,25-OCT-10,172.5,ALBROUGH,OLYMPIA,2,0
67381,TAA,02-NOV-10,04-NOV-10,75.0,GUERETTE,CLARETTA,2,0
67409,FNA,31-DEC-10,04-JAN-11,250.0,MADRON,DONNIE,2,1
67427,AOB,02-SEP-10,14-SEP-10,175.0,STRACK,PORTER,1,3
67464,MWC,27-SEP-10,30-SEP-10,112.5,KVETON,FREDRICK,1,1
67689,IBS,08-SEP-10,11-SEP-10,172.5,DELGUIDICE,DAN,2,0
67917,TAA,09-JUL-10,13-JUL-10,75.0,SALERNO,LOU,1,0
68265,TAA,30-JUN-10,03-JUL-10,67.5,BREGER,BOYD,2,0
68385,RND,10-DEC-10,12-DEC-10,172.5,ALBERO,ABBEY,1,0
68829,TAA,12-FEB-10,15-FEB-10,67.5,POIRRIER,SUZETTE,1,1
69035,AOB,18-NOV-10,26-NOV-10,218.75,KU,MERIDETH,1,3
69316,RND,26-FEB-10,07-MAR-10,150.0,SULOUFF,JESSICA,1,0
69494,RND,21-SEP-10,22-SEP-10,135.0,MINDEN,STACEY,1,0
69499,TAA,27-MAR-10,29-MAR-10,75.0,AKHTAR,BENTON,1,0
69598,RND,30-DEC-10,31-DEC-10,150.0,RENIER,MARCELLUS,1,0
69654,TAA,23-OCT-10,29-OCT-10,75.0,TOLLINCHI,CHRISTOPER,2,0
69796,FNA,09-JUN-10,11-JUN-10,250.0,LUANGSINGOTHA,WILHELMINA,1,3
69840,MWC,30-AUG-10,03-SEP-10,112.5,KNERIEN,GRANT,2,1
69844,RND,07-MAR-10,11-MAR-10,172.5,BONIOL,CLINT,1,0
69945,HBB,07-JUN-10,09-JUN-10,115.0,FLEURILUS,KATTIE,1,0
70172,RND,23-JAN-10,25-JAN-10,150.0,ALMANZA,PHEBE,1,0
70287,MWC,02-AUG-10,11-AUG-10,143.75,MAEDA,DUSTY,1,0
70440,RND,23-JUL-10,27-JUL-10,150.0,DEVEY,GIUSEPPE,1,0
70741,IBD,09-APR-10,14-APR-10,150.0,EERKES,CODY,3,0
70863,CAS,23-JUN-10,05-JUL-10,201.25,MUHLESTEIN,REINALDO,1,2
70889,IBD,25-DEC-10,26-DEC-10,172.5,DINUNZIO,FELIPE,1,3
70937,CAS,06-JUN-10,07-JUN-10,148.75,BERTINI,DYAN,3,0
71009,FNA,18-FEB-10,20-FEB-10,250.0,OXBORROW,CARLETTA,2,0
71343,RTE,19-JUL-10,21-JUL-10,201.25,TOWBER,MODESTO,1,0
71443,HBB,02-AUG-10,05-AUG-10,100.0,KLIMAVICIUS,ULRIKE,1,0
71679,IBD,27-DEC-10,31-DEC-10,172.5,MIKEL,BRIGIDA,1,0
71802,RTE,23-OCT-10,29-OCT-10,201.25,GOODHUE,RUSSELL,1,0
71818,FNA,05-JUL-10,06-JUL-10,250.0,SALOWITZ,QUEEN,2,1
71902,FNA,27-JUL-10,31-JUL-10,250.0,ANNABLE,IRA,1,0
71987,FNA,30-DEC-10,31-DEC-10,250.0,HARE,ELSIE,2,0
72456,IBS,08-FEB-10,10-FEB-10,150.0,STARTIN,BRUNA,1,1
72503,IBS,23-JUL-10,30-JUL-10,150.0,VELZEBOER,HAN,2,0
72506,IBD,12-DEC-10,25-DEC-10,150.0,KNERIEN,GRANT,2,0
72656,FNA,18-MAR-10,19-MAR-10,250.0,PICHARD,HOLLIS,1,3
72813,CAS,29-SEP-10,03-OCT-10,201.25,WEINLAND,BEV,3,1
72817,MWC,08-JUL-10,09-JUL-10,143.75,FINEFROCK,ALEXIS,1,2
72890,IBD,26-DEC-10,27-DEC-10,172.5,AKHTAR,BENTON,1,0
72945,AOB,12-APR-10,13-APR-10,201.25,KOHS,BOB,1,1
73154,HBB,14-JUN-10,19-JUN-10,115.0,SAILORS,SANDA,1,0
73364,RTE,09-SEP-10,10-SEP-10,157.5,MAROUN,MARTH,1,0
73473,MWC,18-OCT-10,27-OCT-10,125.0,ROTCHFORD,DWIGHT,3,0
73732,FNA,26-APR-10,28-APR-10,250.0,RODERICK,JOSLYN,1,0
73785,HBB,07-DEC-10,09-DEC-10,100.0,ROGGE,MEREDITH,2,0
74036,CAS,08-FEB-10,14-FEB-10,175.0,MANTERNACH,ALBERTA,2,0
74117,FNA,02-JUL-10,04-JUL-10,225.0,HORTILLOSA,FREDDY,1,0
74141,HBB,14-NOV-10,16-NOV-10,100.0,BRODOWSKI,RODERICK,1,0
74548,IBS,13-JAN-10,16-JAN-10,172.5,BORROMEO,EBONY,1,1
74927,TAA,24-MAR-10,26-MAR-10,67.5,MACROSTIE,SABRINA,1,0
75081,TAA,27-APR-10,07-MAY-10,75.0,HANSEN,LAREE,1,0
75457,FNA,05-SEP-10,07-SEP-10,225.0,SEGO,HUNG,1,0
75477,IBS,23-FEB-10,24-FEB-10,172.5,JAHR,JESSIE,2,0
75632,CAS,26-JAN-10,27-JAN-10,148.75,DONIGAN,GLEN,2,1
75770,CAS,27-AUG-10,29-AUG-10,175.0,TRIGLETH,REYES,3,0
75853,AOB,10-MAY-10,12-MAY-10,175.0,MELOT,JENNA,4,0
76087,TAA,18-NOV-10,23-NOV-10,67.5,SELIGA,LEOPOLDO,1,1
76149,AOB,07-AUG-10,09-AUG-10,201.25,HONEYWELL,JULIANA,2,2
76245,RND,18-JUL-10,19-JUL-10,150.0,TOSTI,DAN,1,1
76432,RTE,30-JAN-10,03-FEB-10,148.75,DIEUDONNE,KRYSTEN,2,2
76801,HBB,06-JAN-10,18-JAN-10,125.0,CRACE,HERB,1,1
76809,RND,12-JAN-10,14-JAN-10,187.5,WISWELL,JERROD,1,0
77032,RND,14-MAR-10,17-MAR-10,172.5,FRANC,HERBERT,1,0
77094,RTE,23-FEB-10,27-FEB-10,218.75,DISHAW,CODY,1,2
77319,IBS,09-OCT-10,11-OCT-10,172.5,WIDOWSKI,EUSEBIO,2,0
77379,HBB,06-MAY-10,08-MAY-10,115.0,TORNQUIST,JESS,1,0
77535,RTE,08-AUG-10,12-AUG-10,201.25,KEBEDE,ARON,1,3
77574,HBB,22-MAY-10,03-JUN-10,90.0,CASMORE,MARINE,1,1
77911,TAA,05-FEB-10,07-FEB-10,75.0,WIDOWSKI,EUSEBIO,2,0
77967,IBS,30-JAN-10,06-FEB-10,172.5,MCNEELEY,ARTHUR,1,0
78241,HBB,20-FEB-10,28-FEB-10,85.0,CHAMBLEE,ALTHA,2,0
78565,IBS,28-AUG-10,31-AUG-10,187.5,WAGERS,HOUSTON,2,0
78964,RND,05-AUG-10,06-AUG-10,150.0,SPERAZZA,WILBUR,2,0
79056,MWC,19-APR-10,25-APR-10,125.0,GANZER,HYMAN,2,0
79161,RTE,24-AUG-10,25-AUG-10,175.0,RUBERTI,DOMINIC,1,0
79213,RTE,17-MAY-10,29-MAY-10,157.5,NEUZIL,MIREYA,1,3
79219,MWC,27-AUG-10,30-AUG-10,125.0,KLAASS,HYON,3,1
79296,RTE,15-NOV-10,17-NOV-10,175.0,BLACKMORE,APRYL,1,0
79615,FNA,03-AUG-10,05-AUG-10,250.0,CONRAD,ELODIA,1,2
80192,MWC,01-JAN-10,03-JAN-10,112.5,MUHLESTEIN,REINALDO,3,1
80282,CAS,27-JUL-10,29-JUL-10,157.5,PETERSON,SHARRI,1,1
80302,HBB,22-NOV-10,24-NOV-10,115.0,KLEIMAN,MAURICIO,1,0
80390,AOB,22-OCT-10,31-OCT-10,157.5,PHILBERT,CHRISTIE,2,2
80582,CAS,30-OCT-10,09-NOV-10,201.25,PFEUFFER,FREDRICK,1,0
80613,IBD,09-FEB-10,12-FEB-10,135.0,CREDIT,JANESSA,1,3
80760,RTE,03-SEP-10,04-SEP-10,175.0,DELISSER,COLEMAN,3,1
80964,FNA,03-MAY-10,10-MAY-10,225.0,RHYME,QUINN,4,0
80989,IBD,24-APR-10,06-MAY-10,150.0,TIPPIN,ASUNCION,1,0
81473,RND,01-FEB-10,02-FEB-10,127.5,EVERITT,YUK,1,1
81780,IBS,09-JUN-10,10-JUN-10,150.0,ENTWISLE,THOMAS,1,0
81785,RTE,23-JUL-10,24-JUL-10,157.5,FALT,SHAWN,1,0
81825,TAA,25-NOV-10,27-NOV-10,86.25,DEVEY,GIUSEPPE,1,1
82409,MWC,30-JAN-10,01-FEB-10,125.0,QUARTO,VANDA,4,0
82502,AOB,25-DEC-10,26-DEC-10,175.0,KRULIK,JEFFRY,1,2
82503,RTE,27-AUG-10,29-AUG-10,175.0,RIINA,TATIANA,2,2
82515,FNA,02-AUG-10,03-AUG-10,287.5,ALWINE,SHAWANDA,1,2
82874,HBB,30-MAR-10,09-APR-10,125.0,ATTEBURG,ELMIRA,1,1
82884,CAS,07-MAY-10,08-MAY-10,157.5,LEVAR,NYLA,2,1
83021,IBD,06-JUN-10,07-JUN-10,172.5,KLAVETTER,DOUGLASS,1,3
83133,CAS,26-APR-10,27-APR-10,175.0,JEE,HERMAN,2,2
83347,CAS,26-FEB-10,28-FEB-10,201.25,MCCULLARS,ALEIDA,2,0
83396,FNA,12-APR-10,13-APR-10,250.0,DRDA,LESTER,1,1
83481,TAA,03-JAN-10,07-JAN-10,67.5,ENGELSON,MIKKI,2,0
83487,RTE,30-NOV-10,02-DEC-10,175.0,SHARRER,SHARA,1,0
83866,CAS,01-JUN-10,05-JUN-10,148.75,BARBER,CALEB,3,0
84120,MWC,29-JUN-10,05-JUL-10,143.75,LOTTO,MYRA,3,1
84244,MWC,06-JUN-10,07-JUN-10,125.0,TALAT,MEAGHAN,2,1
84334,HBB,19-AUG-10,25-AUG-10,125.0,NEUBECKER,GARY,2,0
84497,TAA,28-DEC-10,29-DEC-10,75.0,FRERICKS,RONNY,2,0
84695,HBB,22-DEC-10,23-DEC-10,90.0,BRAND,TROY,2,0
84715,IBS,18-APR-10,19-APR-10,150.0,BECKUM,MISSY,1,0
84756,TAA,19-FEB-10,22-FEB-10,75.0,CARLYLE,BILLYE,1,1
85102,CAS,15-AUG-10,16-AUG-10,201.25,GIANOPULOS,LYLA,1,0
85166,RTE,17-NOV-10,19-NOV-10,201.25,RAUGHT,DARON,3,1
85215,FNA,14-MAY-10,21-MAY-10,250.0,TEHNEY,DARRYL,1,0
85417,FNA,21-NOV-10,26-NOV-10,225.0,MULKEY,EMERY,2,0
85547,TAA,11-SEP-10,16-SEP-10,93.75,EMIGHOLZ,ERWIN,1,1
86151,TAA,13-JUL-10,15-JUL-10,67.5,RIOPEL,TANA,1,1
86375,MWC,12-JUN-10,22-JUN-10,156.25,RANAUDO,SELINA,1,0
86394,HBB,07-JUL-10,09-JUL-10,100.0,WESTLING,DACIA,2,0
86560,IBD,23-JUN-10,24-JUN-10,187.5,SHUTTERS,CLARINDA,3,1
87086,IBD,28-JUN-10,07-JUL-10,150.0,WAGERS,HOUSTON,1,0
87260,HBB,13-FEB-10,15-FEB-10,90.0,REPKE,CHAE,1,1
87412,FNA,16-JUL-10,22-JUL-10,250.0,HARE,ELSIE,2,2
87560,RND,01-SEP-10,02-SEP-10,150.0,SABALA,MORTON,1,0
87631,CAS,16-JUN-10,23-JUN-10,175.0,EDEMANN,KACI,1,0
87713,HBB,08-OCT-10,10-OCT-10,90.0,TANKER,JONE,1,0
87722,CAS,01-JAN-10,07-JAN-10,175.0,GIERLING,TRENT,2,0
87890,MWC,20-DEC-10,22-DEC-10,143.75,HELKE,ISAAC,1,0
87915,TAA,18-JAN-10,24-JAN-10,63.75,ACHENBACH,HERB,1,0
87943,MWC,21-MAY-10,28-MAY-10,125.0,LUTFY,LIZETTE,2,0
87949,RTE,02-NOV-10,03-NOV-10,201.25,SCHWEITZ,DANNETTE,3,1
88588,MWC,16-DEC-10,17-DEC-10,125.0,RELFORD,MARYBELLE,2,0
88795,IBS,18-AUG-10,26-AUG-10,150.0,EURICH,ANTONE,1,1
88863,CAS,22-OCT-10,23-OCT-10,175.0,TOAN,YONG,1,0
88884,HBB,27-APR-10,30-APR-10,85.0,KIRAKOSYAN,KAREEM,1,1
88892,IBD,22-NOV-10,26-NOV-10,187.5,MARKWORTH,DESPINA,4,0
89101,CAS,29-JAN-10,30-JAN-10,201.25,GIOVANINI,ROXANE,1,1
89102,TAA,14-JAN-10,15-JAN-10,67.5,CARBACK,ZOLA,2,0
89123,IBS,20-JAN-10,30-JAN-10,172.5,GISSLER,EFRAIN,1,0
89433,TAA,08-AUG-10,18-AUG-10,63.75,SHALHOUP,AMAL,1,0
89519,TAA,09-FEB-10,10-FEB-10,75.0,STIMSON,NICOLA,1,0
89780,HBB,09-APR-10,11-APR-10,100.0,WAHR,CLINT,1,0
90108,MWC,30-APR-10,01-MAY-10,156.25,FANZO,TERRY,1,0
90483,CAS,14-FEB-10,25-FEB-10,175.0,HUIZINGA,GILBERT,2,1
90569,CAS,06-MAR-10,07-MAR-10,201.25,LIBBERTON,SAM,1,0
90621,TAA,28-NOV-10,30-NOV-10,86.25,RENDLEMAN,JULI,1,0
90653,CAS,16-AUG-10,17-AUG-10,175.0,SHIYOU,SYLVIE,1,0
91415,MWC,16-MAY-10,18-MAY-10,112.5,LEHRFELD,CHERLY,3,0
91895,RND,10-SEP-10,11-SEP-10,150.0,BLADE,RUBEN,1,0
92150,CAS,13-JUN-10,16-JUN-10,157.5,BOBSEINE,HUMBERTO,1,2
92303,FNA,04-NOV-10,10-NOV-10,287.5,BRISENDINE,JEWEL,1,0
92348,MWC,11-AUG-10,17-AUG-10,125.0,BARTHELL,RICARDA,1,0
92372,CAS,01-APR-10,03-APR-10,175.0,GOODHUE,RUSSELL,1,0
92463,TAA,14-APR-10,15-APR-10,75.0,DAOUD,STEPHEN,1,0
92508,TAA,26-FEB-10,27-FEB-10,75.0,MULE,DIONNA,2,0
92515,CAS,18-JUL-10,25-JUL-10,201.25,LIESTMAN,TOVA,2,0
92608,HBB,30-JUL-10,01-AUG-10,125.0,PENCEK,SILVIA,1,0
93165,HBB,10-DEC-10,14-DEC-10,90.0,LEDOUX,LENA,1,0
93341,AOB,02-APR-10,08-APR-10,175.0,FROHMAN,SHAYNE,3,1
93382,CAS,16-MAY-10,22-MAY-10,175.0,PACHERO,MAGAN,2,2
93389,CAS,31-DEC-10,08-JAN-11,218.75,PELLOWSKI,ELKE,1,0
93407,IBS,05-NOV-10,07-NOV-10,187.5,KOLP,PAMELIA,1,0
93587,MWC,11-NOV-10,12-NOV-10,112.5,ZELAYA,PRINCE,3,1
93672,RTE,28-FEB-10,04-MAR-10,148.75,SOMO,FELICITAS,1,1
93732,CAS,30-APR-10,02-MAY-10,157.5,STARE,ELIJAH,1,0
93736,IBD,07-NOV-10,10-NOV-10,135.0,TREGRE,COLTON,2,1
93918,FNA,26-JAN-10,31-JAN-10,250.0,HARDACRE,NEIL,3,0
93984,RND,02-JUL-10,03-JUL-10,187.5,DEBARDELABEN,NELL,1,0
94004,FNA,21-DEC-10,24-DEC-10,250.0,JARVI,JOHNNIE,4,0
94073,CAS,27-NOV-10,03-DEC-10,175.0,MANSELL,FLORENTINO,1,0
94074,IBS,15-JUL-10,16-JUL-10,135.0,TRIBBY,ADELIA,1,0
94375,RND,13-SEP-10,19-SEP-10,150.0,WEGER,TOBY,1,0
94437,FNA,31-JUL-10,02-AUG-10,250.0,SVATEK,KELLY,2,0
94545,AOB,03-MAR-10,13-MAR-10,201.25,SHERRANGE,AUGUST,2,0
94735,TAA,31-JUL-10,05-AUG-10,75.0,ALMGREN,CHANTAY,1,1
94949,TAA,03-JUL-10,09-JUL-10,75.0,FINEFROCK,ALEXIS,1,1
95100,IBS,27-OCT-10,05-NOV-10,172.5,LABAT,JEANMARIE,1,0
95204,AOB,08-OCT-10,14-OCT-10,157.5,CARRUTH,SANDY,1,2
95260,IBS,07-MAR-10,19-MAR-10,187.5,PERRINO,DENNY,1,0
95519,IBD,21-MAR-10,23-MAR-10,172.5,ZINDEL,CHUNG,2,2
95600,FNA,05-FEB-10,07-FEB-10,225.0,MOUTON,CASANDRA,4,0
95605,AOB,18-AUG-10,20-AUG-10,218.75,FIGLIOLI,NANCI,1,2
95620,MWC,07-SEP-10,10-SEP-10,112.5,ZAHLER,GORDON,1,0
95709,RND,21-JUN-10,02-JUL-10,135.0,TRUDEN,LEWIS,1,0
96005,IBD,01-JAN-10,07-JAN-10,150.0,BUTALA,YEVETTE,3,0
96658,IBS,30-DEC-10,01-JAN-11,187.5,SCHLESSELMAN,NEVILLE,1,0
96839,RND,11-MAR-10,12-MAR-10,150.0,ARANAS,ROD,1,0
96909,MWC,09-APR-10,15-APR-10,125.0,WILLIBRAND,HEATHER,3,0
96983,IBD,18-JUN-10,23-JUN-10,127.5,CLOWERD,ARNULFO,2,1
97000,HBB,20-JUN-10,26-JUN-10,125.0,OCHS,ANGLA,1,0
97220,IBS,31-AUG-10,04-SEP-10,187.5,WIXOM,MARCIA,1,1
97269,HBB,04-OCT-10,05-OCT-10,115.0,MELVE,PHIL,1,1
97303,RND,21-APR-10,30-APR-10,150.0,WAEGNER,STANFORD,1,0
97375,MWC,26-AUG-10,27-AUG-10,112.5,DONNELLEY,GARNET,3,0
97491,TAA,19-JUN-10,23-JUN-10,86.25,BALCOM,JOEY,1,0
97512,RND,31-DEC-10,02-JAN-11,150.0,FRAILEY,JUANITA,1,0
97542,CAS,27-JAN-10,29-JAN-10,175.0,GARZONE,EDISON,3,0
97585,HBB,15-AUG-10,16-AUG-10,85.0,PARISER,ELIJAH,1,0
97924,TAA,19-MAY-10,21-MAY-10,75.0,SPECTOR,FRITZ,2,0
97996,IBD,06-MAY-10,07-MAY-10,135.0,LUCIDO,AHMAD,1,1
98216,IBD,18-FEB-10,25-FEB-10,150.0,RAMSDEN,BILLIE,1,0
98328,CAS,14-NOV-10,15-NOV-10,201.25,MORAWSKI,KRIS,1,3
98441,MWC,30-OCT-10,07-NOV-10,106.25,RAMPLEY,HERMA,4,0
98557,RTE,20-APR-10,21-APR-10,218.75,MAIDENS,THOMASINE,1,2
98711,CAS,08-OCT-10,09-OCT-10,201.25,ROSSEY,ALLEN,1,0
98805,CAS,16-SEP-10,18-SEP-10,175.0,WITHFIELD,IVORY,1,1
98882,IBD,07-JUL-10,14-JUL-10,127.5,GOON,JONE,1,0
99236,FNA,16-NOV-10,17-NOV-10,287.5,SCHOENING,LEROY,1,1
99268,IBS,30-APR-10,03-MAY-10,135.0,LEEHY,NENA,1,0
99340,CAS,04-MAR-10,05-MAR-10,175.0,DONIGAN,GLEN,3,0
99419,FNA,11-JUL-10,12-JUL-10,250.0,DALGLEISH,RYAN,4,0
99471,RND,31-JAN-10,01-FEB-10,135.0,ABRAHAMS,ANNETT,1,0
99478,CAS,29-DEC-10,31-DEC-10,157.5,WENRICH,ELWOOD,3,0
99845,IBD,27-MAY-10,28-MAY-10,150.0,SEVILLANO,LILLI,3,0
99863,FNA,17-APR-10,19-APR-10,250.0,ARBUCKLE,LORENA,4,0
